chip,fet_size,GateV_V,DrainI_at_Vd_A,R_at_Vd_ohm,GateI_at_Vd_A
19,nmos1_pattern2,0.0,6.514204869745299e-05,76755.33852522966,-3.105228574273866e-10
19,nmos1_pattern2,1.0,0.002604476874694228,1919.7713170661236,-5.707055383830095e-10
19,nmos1_pattern2,2.0,0.0037065609358251095,1348.9593417103665,5.4010462768872e-10
19,nmos1_pattern2,3.0,0.007182378321886063,696.148236130093,3.2615468659180635e-10
19,nmos1_pattern2,4.0,0.011312042362987995,442.00683126502065,4.471230052871533e-10
19,nmos1_pattern2,5.0,0.014914221130311489,335.2504938952567,1.282923323131513e-09
19,nmos1_pattern2,6.0,0.018566172569990158,269.30698727221034,3.208598942094909e-09
19,nmos1_pattern3,0.0,0.0028777013067156076,1737.497907907136,-0.0005387072451412678
19,nmos1_pattern3,1.0,0.0038074825424700975,1313.2036573321382,-0.0003112213162239641
19,nmos1_pattern3,2.0,0.004779019393026829,1046.2397384902033,-0.00013750365178566426
19,nmos1_pattern3,3.0,0.00572269456461072,873.714286783733,-3.563443897292018e-05
19,nmos1_pattern3,4.0,0.006737122777849436,742.1565800224373,-4.084074134880211e-06
19,nmos1_pattern3,5.0,0.00916576199233532,545.508382628869,4.3806107896671165e-07
19,nmos1_pattern3,6.0,0.012768058106303215,391.60222786984707,4.5753854465147015e-06
19,nmos1_pattern4,0.0,1.658594010223169e-05,301460.1505360094,-3.7668523855671765e-10
19,nmos1_pattern4,1.0,0.0009171279380097985,5451.802079925931,-1.8425344583405945e-10
19,nmos1_pattern4,2.0,0.0017059820238500834,2930.863238943123,-1.8266087253859808e-10
19,nmos1_pattern4,3.0,0.0029438745696097612,1698.4419280685584,8.008730900677108e-10
19,nmos1_pattern4,4.0,0.004942028317600489,1011.7303420122163,4.4017358646897264e-09
19,nmos1_pattern4,5.0,0.0057178670540452,874.4519508306278,2.431671752844977e-09
19,nmos1_pattern4,6.0,0.006307442206889391,792.7143580544711,0.00019350400543771684
19,nmos1_pattern5,0.0,3.295011993031949e-05,151744.51597061363,-2.494021211774111e-09
19,nmos1_pattern5,1.0,0.0021924409084022045,2280.5631754261844,-5.054700547013624e-10
19,nmos1_pattern5,2.0,0.0033025990705937147,1513.9591252598336,-1.7693517484485e-10
19,nmos1_pattern5,3.0,0.0054651848040521145,914.8821456673876,1.4846114615441053e-10
19,nmos1_pattern5,4.0,0.008056470192968845,620.6191893273148,4.2393424881659314e-10
19,nmos1_pattern5,5.0,0.011856219731271267,421.7195795395302,1.3543255406034405e-09
19,nmos1_pattern5,6.0,0.014315780252218246,349.26493086014256,3.8250553835439405e-09
19,nmos1_pattern7,0.0,3.293721965746954e-05,151803.9486027502,-1.4061799502584904e-09
19,nmos1_pattern7,1.0,0.0019085141830146313,2619.8390583098267,7.544846969409491e-10
19,nmos1_pattern7,2.0,0.003634784137830138,1375.5975074175537,2.4086452832250416e-09
19,nmos1_pattern7,3.0,0.005902535747736692,847.0935566831989,1.8326536954660355e-09
19,nmos1_pattern7,4.0,0.009019263088703156,554.3690156086722,5.482440723625359e-09
19,nmos1_pattern7,5.0,0.011239617131650448,444.85501075656214,2.8078165570377678e-08
19,nmos1_pattern7,6.0,0.013686159625649452,365.33257953746346,2.8350966658763355e-06
19,nmos2_pattern1,0.0,1.5690466170781292e-05,318664.84689352155,-5.571119121583479e-10
19,nmos2_pattern1,1.0,0.0005668784724548459,8820.23263001625,1.0203224376503783e-10
19,nmos2_pattern1,2.0,0.001723322900943458,2901.3715289587794,-1.7559918796816731e-10
19,nmos2_pattern1,3.0,0.0027558128349483013,1814.3467279750148,-2.511306440577954e-11
19,nmos2_pattern1,4.0,0.003645228920504451,1371.65596702993,2.1498015867482678e-10
19,nmos2_pattern1,5.0,0.004616869613528252,1082.9848833826945,5.365765609610662e-10
19,nmos2_pattern1,6.0,0.0057071177288889885,876.0989763169571,8.366567438855554e-10
19,nmos2_pattern1,7.0,0.006465924438089132,773.284632054507,1.5677265041702526e-09
19,nmos2_pattern1,8.0,0.006963170133531094,718.0637416745768,3.3907057161997045e-09
19,nmos2_pattern1,9.0,0.007399334572255611,675.7364396993067,0.00044817710295319557
19,nmos2_pattern3,0.0,7.249789632624015e-06,689675.1841598308,-9.599656625169928e-10
19,nmos2_pattern3,1.0,0.0005376268527470529,9300.130703018365,-3.7171088429488464e-10
19,nmos2_pattern3,2.0,0.0018905274337157607,2644.764583062774,-2.587537684117791e-10
19,nmos2_pattern3,3.0,0.0036765895783901215,1359.9559845864992,8.989511912638193e-11
19,nmos2_pattern3,4.0,0.005532294511795044,903.7841332090738,2.012471966850171e-09
19,nmos2_pattern3,5.0,0.007480483502149582,668.4059925489049,4.372578743527811e-09
19,nmos2_pattern3,6.0,0.008710741996765137,574.0039140014507,6.79568401551478e-09
19,nmos2_pattern4,0.0,1.045349745254498e-05,478308.81699624023,-8.357691205773676e-10
19,nmos2_pattern4,1.0,0.00048280306509695947,10356.189430976105,-8.900298831271414e-10
19,nmos2_pattern4,2.0,0.0014775044983252883,3384.084451632713,8.348051694362368e-10
19,nmos2_pattern4,3.0,0.0028350369539111853,1763.6454414119914,1.166736574020888e-08
19,nmos2_pattern4,4.0,0.0041412771679461,1207.3570053944952,2.1171100428318823e-08
19,nmos2_pattern4,5.0,0.004975292831659317,1004.9659726927958,0.00013145427510607988
19,nmos2_pattern4,6.0,0.00555435661226511,900.1942707385799,0.00017628334171604365
19,nmos2_pattern5,0.0,2.345352368138265e-05,213187.5818715031,-3.820400706899818e-07
19,nmos2_pattern5,1.0,0.0006206477410160005,8056.099570772623,-1.0374782144495498e-09
19,nmos2_pattern5,2.0,0.0020174579694867134,2478.366377700603,-1.0464654837116782e-10
19,nmos2_pattern5,3.0,0.0037282032426446676,1341.1286012543567,3.5453859292822187e-10
19,nmos2_pattern5,4.0,0.005623997654765844,889.0473124153846,2.5976991668841265e-09
19,nmos2_pattern5,5.0,0.007679380942136049,651.094149082443,4.277274534558728e-09
19,nmos2_pattern5,6.0,0.009283861145377159,538.5690201204397,6.761537996169409e-09
19,nmos2_pattern6,0.0,1.2222950317664072e-05,409066.54040589684,-2.621358130561191e-10
19,nmos2_pattern6,1.0,0.0005689123063348234,8788.70072650061,-1.0447737119889666e-09
19,nmos2_pattern6,2.0,0.0017391856526955962,2874.908720785735,1.6715455686266978e-09
19,nmos2_pattern6,3.0,0.003399886889383197,1470.637160198907,2.7948292569135447e-09
19,nmos2_pattern6,4.0,0.005147878080606461,971.2739738022235,6.974483657273822e-09
19,nmos2_pattern6,5.0,0.006653693038970232,751.4623789698949,5.9280061748268054e-08
19,nmos2_pattern6,6.0,0.007825963199138641,638.8989920819358,4.686345533855274e-09
19,nmos2_pattern7,0.0,1.399455049977405e-05,357281.929139541,-1.3006786758751332e-09
19,nmos2_pattern7,1.0,0.0005566409672610462,8982.450617320743,-7.71889427375605e-11
19,nmos2_pattern7,2.0,0.0017264416674152017,2896.1302859921775,1.253406822776526e-09
19,nmos2_pattern7,3.0,0.0032993070781230927,1515.469727917656,1.2443031494058232e-08
19,nmos2_pattern7,4.0,0.004705711267888546,1062.538629201426,3.990063390801879e-08
19,nmos2_pattern7,5.0,0.006364378146827221,785.6227088726033,4.700878344010562e-05
19,nmos2_pattern7,6.0,0.007668538950383663,652.0146839379157,0.00024511103401891887
19,nmos3_pattern1,0.0,2.3057723410602193e-06,2168470.803019931,-2.5264432679250604e-07
19,nmos3_pattern1,1.0,0.0003711601602844894,13471.273415141231,2.502094957890222e-06
19,nmos3_pattern1,2.0,0.0012835054658353329,3895.581384802201,5.169000360183418e-06
19,nmos3_pattern1,3.0,0.0022979890927672386,2175.8153751630734,1.877100112324115e-05
19,nmos3_pattern1,4.0,0.003024570643901825,1653.1272000807978,5.978002809570171e-05
19,nmos3_pattern1,5.0,0.0035507946740835905,1408.135490484374,0.0001266102772206068
19,nmos3_pattern1,6.0,0.004003980662673712,1248.7572796271156,0.0002168983919546008
19,nmos3_pattern1,7.0,0.004325453657656908,1155.9481145171933,0.00037598502240143716
19,nmos3_pattern1,8.0,0.004884128458797932,1023.7240977954511,0.0006582585046999156
19,nmos3_pattern1,9.0,0.005114667117595673,977.5807271598985,0.0015405499143525958
19,nmos3_pattern2,0.0,1.11288591142511e-05,449282.35218623915,-3.931465986095617e-10
19,nmos3_pattern2,1.0,0.0004174661880824715,11977.017882493126,-3.484603716685797e-10
19,nmos3_pattern2,2.0,0.001370329991914332,3648.7561605617852,-1.3198141191050894e-10
19,nmos3_pattern2,3.0,0.002343414118513465,2133.639103946224,5.649092651993648e-11
19,nmos3_pattern2,4.0,0.00337428692728281,1481.7945562283041,1.780346703394997e-14
19,nmos3_pattern2,5.0,0.00498040160164237,1003.9351040187536,8.37563740585523e-10
19,nmos3_pattern2,6.0,0.006486924830824137,770.7812454125155,2.8174613753151334e-09
19,nmos3_pattern3,0.0,1.3703699551115278e-05,364864.97542870266,-1.2172336472104917e-09
19,nmos3_pattern3,1.0,0.0003890467050950974,12851.927376631593,-2.0637647146770632e-10
19,nmos3_pattern3,2.0,0.0013489137636497617,3706.68617575039,-2.2462282034396708e-10
19,nmos3_pattern3,3.0,0.0026365951634943485,1896.3851823855161,1.948390476735895e-10
19,nmos3_pattern3,4.0,0.004056822042912245,1232.4918241695123,2.1193395927099345e-09
19,nmos3_pattern3,5.0,0.005394457373768091,926.8772841386717,4.685056786968289e-09
19,nmos3_pattern3,6.0,0.006374289281666279,784.4011746346362,7.018993830598674e-09
19,nmos3_pattern4,0.0,1.1325604646117426e-05,441477.53309701383,-4.716547664429527e-06
19,nmos3_pattern4,1.0,0.00030810016323812306,16228.48864294701,1.6053208184985124e-07
19,nmos3_pattern4,2.0,0.0009536158759146929,5243.201299689019,2.849619704647921e-05
19,nmos3_pattern4,3.0,0.0018676399486139417,2677.175546448726,0.00020432000746950507
19,nmos3_pattern4,4.0,0.002900373423472047,1723.9159480417811,0.00042246756493113935
19,nmos3_pattern4,5.0,0.003798874793574214,1316.1792034992798,0.0006543106865137815
19,nmos3_pattern4,6.0,0.004461810924112797,1120.6212197336038,0.0009713492472656071
19,nmos3_pattern5,0.0,8.475633876514621e-06,589926.3787048004,-1.5747501080909387e-09
19,nmos3_pattern5,1.0,0.00044244766468182206,11300.77159203825,-1.2763237688950824e-10
19,nmos3_pattern5,2.0,0.001429790398105979,3497.016070763534,1.882532463248765e-10
19,nmos3_pattern5,3.0,0.0027724108658730984,1803.4844912589754,1.1965982649186913e-09
19,nmos3_pattern5,4.0,0.00445138942450285,1123.2447946426125,5.032228411749884e-09
19,nmos3_pattern5,5.0,0.005755925085395575,868.6700966081764,7.033557292146497e-09
19,nmos3_pattern5,6.0,0.00687711825594306,727.0487163252,9.284694790778758e-09
19,nmos3_pattern6,0.0,9.009985660668463e-06,554939.839896376,-1.5270441577897031e-09
19,nmos3_pattern6,1.0,0.000397878116928041,12566.66247092017,-2.9121166589263225e-10
19,nmos3_pattern6,2.0,0.0013296058168634772,3760.5130306927617,-4.423379718065945e-10
19,nmos3_pattern6,3.0,0.002560485852882266,1952.754394003639,1.1349209350086653e-09
19,nmos3_pattern6,4.0,0.0038493939209729433,1298.9057765063021,2.14355178052017e-09
19,nmos3_pattern6,5.0,0.00495475810021162,1009.1310007215988,4.9037631733028775e-09
19,nmos3_pattern6,6.0,0.005715713370591402,874.7814447320077,5.80252246251689e-09
19,nmos3_pattern7,0.0,1.3951749679108616e-05,358377.98949955445,-4.057317537498051e-10
19,nmos3_pattern7,1.0,0.0004295629041735083,11639.738793600318,-1.9366187820057945e-10
19,nmos3_pattern7,2.0,0.001397911342792213,3576.7647396099605,-7.977151161853158e-10
19,nmos3_pattern7,3.0,0.0025097662582993507,1992.2173961283802,4.4543807531383095e-10
19,nmos3_pattern7,4.0,0.003897091606631875,1283.0080749170102,1.6051013851381413e-09
19,nmos3_pattern7,5.0,0.005433875136077404,920.1536426192876,5.569821048823087e-09
19,nmos3_pattern7,6.0,0.006761279422789812,739.5050089405889,0.00023208558559417725
19,nmos4_pattern1,0.0,5.926348876528209e-06,843689.7834015324,-2.772712059950777e-10
19,nmos4_pattern1,1.0,0.000216303626075387,23115.65502030641,-2.1743160050213817e-10
19,nmos4_pattern1,2.0,0.0009218871709890664,5423.6572081111,7.345591496177306e-11
19,nmos4_pattern1,3.0,0.001941049937158823,2575.9254845955484,1.1678891187472118e-09
19,nmos4_pattern1,4.0,0.002980307210236788,1677.6793958776975,3.491160471824628e-09
19,nmos4_pattern1,5.0,0.003865167498588562,1293.6049994795421,4.925986729631404e-09
19,nmos4_pattern1,6.0,0.004574806895107031,1092.9423065589353,5.42743716636096e-09
19,nmos4_pattern1,7.0,0.004958583507686853,1008.3524845853543,0.0011249262606725097
19,nmos4_pattern1,8.0,0.004966388456523418,1006.7678039627433,0.004805896431207657
19,nmos4_pattern1,9.0,0.004542653448879719,1100.6782833572895,0.006368166767060757
19,nmos4_pattern2,0.0,3.168892362737097e-06,1577838.3825196587,-4.0029032866151226e-10
19,nmos4_pattern2,1.0,0.00019853592675644904,25184.358728854524,-2.665839493598554e-10
19,nmos4_pattern2,2.0,0.0006828929763287306,7321.791515385426,-2.0417757762292155e-10
19,nmos4_pattern2,3.0,0.0013145431876182556,3803.6026865417857,-3.021659311652769e-11
19,nmos4_pattern2,4.0,0.002119911601766944,2358.5889127794317,4.4477871385950607e-10
19,nmos4_pattern2,5.0,0.003068753518164158,1629.3260343017662,1.3395026199347626e-09
19,nmos4_pattern2,6.0,0.0038146476726979017,1310.7370402215313,3.901362788383267e-09
19,nmos4_pattern3,0.0,1.121814057114534e-05,445706.6630864578,-3.417573724018297e-10
19,nmos4_pattern3,1.0,0.0001725259207887575,28981.152380702555,-2.4823906819015917e-10
19,nmos4_pattern3,2.0,0.0006237000925466418,8016.67349380117,-1.5243957485200355e-10
19,nmos4_pattern3,3.0,0.0013372425455600023,3739.0374817203638,3.8807132507479025e-10
19,nmos4_pattern3,4.0,0.002105783438310027,2374.413203673353,2.484747740894022e-09
19,nmos4_pattern3,5.0,0.002879395382478833,1736.4756609755923,9.151457369682703e-09
19,nmos4_pattern3,6.0,0.003549934597685933,1408.4766528541988,6.403575891766877e-09
19,nmos4_pattern5,0.0,2.544418293837225e-06,1965085.6984130247,4.6487258487104555e-10
19,nmos4_pattern5,1.0,0.00021181923511903733,23605.032834672074,-2.1291003682311072e-10
19,nmos4_pattern5,2.0,0.0008310831617563963,6016.245100469957,-2.6657410653885272e-11
19,nmos4_pattern5,3.0,0.0017155761597678065,2914.4727685401745,1.3042646962446725e-09
19,nmos4_pattern5,4.0,0.0027096655685454607,1845.24616544616,4.736993020060254e-09
19,nmos4_pattern5,5.0,0.0035344825591892004,1414.634226161519,6.581775124914202e-09
19,nmos4_pattern5,6.0,0.004167991224676371,1199.6186485225223,8.520606442630196e-09
19,nmos4_pattern6,0.0,9.448424862057436e-06,529188.7349476395,-1.5614693538168467e-08
19,nmos4_pattern6,1.0,0.0002186350175179541,22869.163671777347,-2.9249050403912236e-10
19,nmos4_pattern6,2.0,0.0008217245922423899,6084.763736175386,-2.3894905498700325e-10
19,nmos4_pattern6,3.0,0.001741077983751893,2871.78405945113,6.497765658863841e-10
19,nmos4_pattern6,4.0,0.002760018454864621,1811.5820896731104,6.622154380409029e-09
19,nmos4_pattern6,5.0,0.003598051145672798,1389.6411689459328,3.2877440769851773e-09
19,nmos4_pattern6,6.0,0.004420650191605091,1131.0553387587886,5.947359937863439e-09
19,nmos4_pattern7,0.0,1.0693759577407036e-05,467562.4100025234,-1.8358694120479413e-08
19,nmos4_pattern7,1.0,0.0002560484572313726,19527.553706296538,-4.0009370816385115e-10
19,nmos4_pattern7,2.0,0.0009457611013203859,5286.747354082816,-4.4209476357526256e-11
19,nmos4_pattern7,3.0,0.0018590851686894894,2689.494857045528,1.0465406319326576e-09
19,nmos4_pattern7,4.0,0.00283850752748549,1761.4890753625311,3.3435596513697874e-09
19,nmos4_pattern7,5.0,0.003828535322099924,1305.9824657063725,4.682053855731283e-09
19,nmos4_pattern7,6.0,0.0046120258048176765,1084.1222949743797,5.503964839448372e-09
19,nmos4_pattern8,0.0,8.207810424210038e-06,609175.8631817115,-1.5998397051575353e-09
19,nmos4_pattern8,1.0,0.00022923915821593255,21811.282325902775,-6.81608491870378e-10
19,nmos4_pattern8,2.0,0.000876658596098423,5703.474559255502,-3.787741231775499e-10
19,nmos4_pattern8,3.0,0.001777485478669405,2812.962502367622,8.801956941084654e-10
19,nmos4_pattern8,4.0,0.002758926711976528,1812.298956074096,3.654973212974255e-09
19,nmos4_pattern8,5.0,0.0037905487697571516,1319.07022009384,4.22155643775568e-09
19,nmos4_pattern8,6.0,0.004533070605248213,1103.005100827504,6.3373306602443336e-09
19,nmos5_pattern1,0.0,1.3323401617526542e-05,375279.53772876196,3.857033789578246e-11
19,nmos5_pattern1,1.0,0.00018514631665311754,27005.668221678927,-1.7165316390510554e-10
19,nmos5_pattern1,2.0,0.0006605333182960749,7569.640866713736,7.676926455646438e-11
19,nmos5_pattern1,3.0,0.0013440740294754505,3720.033190397512,6.265137297845058e-10
19,nmos5_pattern1,4.0,0.0022471370175480843,2225.0534617847397,6.980955813418177e-10
19,nmos5_pattern1,5.0,0.003195831086486578,1564.5382577140156,1.7469375945822208e-09
19,nmos5_pattern1,6.0,0.004061923362314701,1230.9439529038118,4.185018998015266e-09
19,nmos5_pattern2,0.0,1.5197049378912197e-06,3290112.3601915278,-7.962452364118633e-10
19,nmos5_pattern2,1.0,0.00017537863459438086,28509.74414052258,-1.6109656664209382e-10
19,nmos5_pattern2,2.0,0.0006833439692854881,7316.959283665084,1.1261441779097936e-09
19,nmos5_pattern2,3.0,0.0014853872125968337,3366.125652353457,2.796187281717266e-09
19,nmos5_pattern2,4.0,0.0024162884801626205,2069.2893423319597,7.475034813353432e-09
19,nmos5_pattern2,5.0,0.0032999326940625906,1515.182418416066,4.988993662635721e-09
19,nmos5_pattern2,6.0,0.00408409908413887,1224.2602094102344,6.4200635918609805e-09
19,nmos5_pattern3,0.0,1.8088487195200287e-05,276418.91475185007,-5.833703520252698e-10
19,nmos5_pattern3,1.0,0.0001807801891118288,27657.897829208767,-1.8170344395773697e-10
19,nmos5_pattern3,2.0,0.0005958725814707577,8391.055664381787,-1.5912833550846273e-10
19,nmos5_pattern3,3.0,0.0011131147621199489,4491.899820354015,-1.7518615030853724e-11
19,nmos5_pattern3,4.0,0.0017600002465769649,2840.9086928962256,2.6204741154778333e-10
19,nmos5_pattern3,5.0,0.002490839920938015,2007.355012247062,8.135135343145805e-10
19,nmos5_pattern3,6.0,0.0030654924921691418,1631.0592874628119,2.054604042456276e-09
19,nmos5_pattern4,0.0,3.8331359064613935e-06,1304415.006932486,-6.088080040100863e-10
19,nmos5_pattern4,1.0,0.00017445642151869833,28660.452601706595,1.0120722315765107e-10
19,nmos5_pattern4,2.0,0.0006564001669175923,7617.30458339101,5.154422222375388e-09
19,nmos5_pattern4,3.0,0.0014244631165638566,3510.0943940627876,2.3711967500616993e-08
19,nmos5_pattern4,4.0,0.002244741190224886,2227.4282762633684,3.4519210601047234e-08
19,nmos5_pattern4,5.0,0.003040825482457876,1644.2903510393296,4.1934345063054934e-05
19,nmos5_pattern4,6.0,0.0035632268991321325,1403.2224558076307,0.00021814467618241906
19,nmos5_pattern5,0.0,2.2844403702038107e-06,2188719.8568259915,-7.406165680734489e-10
19,nmos5_pattern5,1.0,0.0001610495091881603,31046.35354186835,1.153962037037104e-09
19,nmos5_pattern5,2.0,0.0006484666373580694,7710.496904467742,7.054778983217602e-10
19,nmos5_pattern5,3.0,0.0014794948510825634,3379.531869503596,5.777452294353225e-09
19,nmos5_pattern5,4.0,0.0023311511613428593,2144.8630543202316,5.921841683687035e-09
19,nmos5_pattern5,5.0,0.0030821238178759813,1622.2579933358115,0.0001243418810190633
19,nmos5_pattern5,6.0,0.0037140788044780493,1346.2288398327792,6.375441952144456e-09
19,nmos5_pattern6,0.0,7.366948466369649e-06,678707.0688528848,-2.1528610005816518e-09
19,nmos5_pattern6,1.0,0.0001724118337733671,29000.329563064846,-2.2710641700562917e-10
19,nmos5_pattern6,2.0,0.0006992574781179428,7150.441942297908,-2.7494484466927815e-10
19,nmos5_pattern6,3.0,0.001519499928690493,3290.556258406018,2.10304232362013e-10
19,nmos5_pattern6,4.0,0.0023911704774945974,2091.0261510249416,2.0615571472148986e-09
19,nmos5_pattern6,5.0,0.00322347623296082,1551.1204794605887,4.138587250679393e-09
19,nmos5_pattern6,6.0,0.004033043049275875,1239.7586484720862,5.280562653808829e-09
19,nmos5_pattern7,0.0,1.1829656614281703e-05,422666.53741779807,-8.529219552855238e-10
19,nmos5_pattern7,1.0,0.00019947736291214824,25065.500801722792,-9.32618426929821e-11
19,nmos5_pattern7,2.0,0.0007136075873859227,7006.651958839073,5.134337470735773e-07
19,nmos5_pattern7,3.0,0.0015398355899378657,3247.099906426865,8.324345799337607e-06
19,nmos5_pattern7,4.0,0.0023927355650812387,2089.658411471908,4.0887825889512897e-05
19,nmos5_pattern7,5.0,0.003282088553532958,1523.420199804731,9.999948815675452e-05
19,nmos5_pattern7,6.0,0.004011467564851046,1246.426630445823,5.163470984115293e-09
19,nmos5_pattern8,0.0,1.008728941087611e-05,495673.2969918562,-8.356890734972922e-10
19,nmos5_pattern8,1.0,0.0001784945634426549,28012.057642340205,-3.292424111123182e-10
19,nmos5_pattern8,2.0,0.0007231476483866572,6914.217326371734,3.6224870325618497e-11
19,nmos5_pattern8,3.0,0.001491559436544776,3352.1962836309017,1.2086411871337077e-09
19,nmos5_pattern8,4.0,0.0023253143299371004,2150.2469303301673,3.5966620792748927e-09
19,nmos5_pattern8,5.0,0.0032092020846903324,1558.0196784280938,4.377346929373971e-09
19,nmos5_pattern8,6.0,0.003950545564293861,1265.6479766216094,5.938746827638397e-09
19,nmos6_pattern1,0.0,1.6926517218962545e-06,2953944.946452758,-3.970978268430514e-10
19,nmos6_pattern1,1.0,0.00013097035116516054,38176.57932133614,-2.5415514137705486e-10
19,nmos6_pattern1,2.0,0.0005096258246339858,9811.119763389168,-1.3100785734021514e-10
19,nmos6_pattern1,3.0,0.0010264585725963116,4871.117192146452,-9.768786474184665e-11
19,nmos6_pattern1,4.0,0.001744620967656374,2865.9520278016143,1.383600456428269e-10
19,nmos6_pattern1,5.0,0.0025623030960559845,1951.3694565237936,6.451847389676857e-10
19,nmos6_pattern1,6.0,0.0033372717443853617,1498.2298065514199,1.7658956519284175e-09
19,nmos6_pattern2,0.0,8.865396011970006e-06,563990.5981920074,-4.1213757406843854e-10
19,nmos6_pattern2,1.0,0.00014418423234019428,34677.85567705345,-7.001456081567881e-10
19,nmos6_pattern2,2.0,0.0006138824974186718,8144.881180070472,-6.249743778052874e-11
19,nmos6_pattern2,3.0,0.0012952807592228055,3860.1669671987565,1.2501142343523952e-09
19,nmos6_pattern2,4.0,0.002027531387284398,2466.0530689474645,4.024959476822687e-09
19,nmos6_pattern2,5.0,0.0028103403747081757,1779.1439232762677,4.998335523254127e-09
19,nmos6_pattern2,6.0,0.0035157152451574802,1422.1857150936676,6.458554135946315e-09
19,nmos6_pattern3,0.0,2.9883423849241808e-05,167316.83843271722,-9.289816138569051e-10
19,nmos6_pattern3,1.0,0.0001449744449928403,34488.836982593246,-3.5067346249029185e-10
19,nmos6_pattern3,2.0,0.0005414545885287225,9234.384758999535,-2.4383456365129064e-10
19,nmos6_pattern3,3.0,0.0011953446082770824,4182.894175769766,1.0179611320548787e-10
19,nmos6_pattern3,4.0,0.001895567518658936,2637.73247366961,1.6836740890369128e-09
19,nmos6_pattern3,5.0,0.002544066868722439,1965.3571458641982,3.654650804207904e-09
19,nmos6_pattern3,6.0,0.003155070124194026,1584.750830626076,4.881634652065259e-09
19,nmos6_pattern4,0.0,2.43220688389556e-06,2055746.1756673087,-3.7434816357873046e-10
19,nmos6_pattern4,1.0,0.00013434937864076346,37216.398397863006,6.031590373822837e-07
19,nmos6_pattern4,2.0,0.0005064125289209187,9873.373414860356,7.367947546299547e-06
19,nmos6_pattern4,3.0,0.0010085488902404904,4957.617868983763,2.7709780624718405e-05
19,nmos6_pattern4,4.0,0.0016767631750553846,2981.935716613556,6.32322407909669e-05
19,nmos6_pattern4,5.0,0.002368765417486429,2110.8042033582437,0.00011398887727409601
19,nmos6_pattern4,6.0,0.0029091364704072475,1718.7230818704268,0.00018711929442360997
19,nmos6_pattern5,0.0,6.656483947153902e-06,751147.3083530591,-2.854492095138994e-06
19,nmos6_pattern5,1.0,0.000122385288705118,40854.583527986615,1.8672044461709447e-05
19,nmos6_pattern5,2.0,0.0005248932866379619,9525.745760678175,6.506662612082437e-05
19,nmos6_pattern5,3.0,0.0011333586880937219,4411.666008763618,0.00016074601444415748
19,nmos6_pattern5,4.0,0.0018041180446743965,2771.437276379767,0.0002906946465373039
19,nmos6_pattern5,5.0,0.002484430791810155,2012.533420726525,0.0004432326531969011
19,nmos6_pattern5,6.0,0.003140535904094577,1592.084966607478,0.0006112857372500002
19,nmos6_pattern6,0.0,1.0014589861384593e-05,499271.5697004802,-5.667081803828466e-10
19,nmos6_pattern6,1.0,0.0001604301214683801,31166.217130774116,-3.8387076850554536e-10
19,nmos6_pattern6,2.0,0.0005663534975610673,8828.408443722681,-2.8888413883265684e-10
19,nmos6_pattern6,3.0,0.0011251709656789899,4443.769127105697,-6.160572746383153e-11
19,nmos6_pattern6,4.0,0.0018183119827881455,2749.8031401262333,3.5782438123632687e-10
19,nmos6_pattern6,5.0,0.002552468329668045,1958.8881640111329,1.1625803653103617e-09
19,nmos6_pattern6,6.0,0.003217655001208186,1553.9266944786086,3.389561298305921e-09
19,nmos6_pattern7,0.0,6.837000000814442e-06,731314.9041106313,-5.371465494619088e-10
19,nmos6_pattern7,1.0,0.0001488394773332402,33593.23809506118,5.707638024432526e-07
19,nmos6_pattern7,2.0,0.000558610016014427,8950.788307868199,1.0599029337754473e-05
19,nmos6_pattern7,3.0,0.0011535518569871783,4334.438863510559,3.5297038266435266e-05
19,nmos6_pattern7,4.0,0.0019040287006646395,2626.0108359998194,7.339479634538293e-05
19,nmos6_pattern7,5.0,0.0026428510900586843,1891.8962248035607,0.00013911057612858713
19,nmos6_pattern7,6.0,0.003297486575320363,1516.306400584582,0.0002173004613723606
19,nmos6_pattern8,0.0,9.510737982054707e-06,525721.5590876573,-6.467555380140766e-10
19,nmos6_pattern8,1.0,0.00014067631855141371,35542.58493175327,-3.353852751075692e-10
19,nmos6_pattern8,2.0,0.000605895824264735,8252.243702236414,-1.8347809382923685e-10
19,nmos6_pattern8,3.0,0.001318454509600997,3792.3189337136455,8.194278589002124e-10
19,nmos6_pattern8,4.0,0.00208677863702178,2396.0375630143153,3.2656966020283562e-09
19,nmos6_pattern8,5.0,0.00285109574906528,1753.71170948546,4.160101152450579e-09
19,nmos6_pattern8,6.0,0.003497554687783122,1429.5702130019254,5.756607190932073e-09
19,nmos7_pattern1,0.0,4.0884224290493876e-06,1222965.6026915414,-5.425530580360771e-10
19,nmos7_pattern1,1.0,0.00014001417730469257,35710.66942113458,-3.073239163153829e-10
19,nmos7_pattern1,2.0,0.0005824554827995598,8584.347040511331,-6.032865873528692e-11
19,nmos7_pattern1,3.0,0.0012168948305770755,4108.818506221201,8.835562836928545e-10
19,nmos7_pattern1,4.0,0.0019331066869199276,2586.5101154694357,4.579236101420747e-09
19,nmos7_pattern1,5.0,0.0026746075600385666,1869.4331365487885,6.387645079541926e-09
19,nmos7_pattern1,6.0,0.0033369145821779966,1498.3901675830466,8.789644567741561e-09
19,nmos7_pattern2,0.0,2.3509367110818857e-06,2126811.826294989,-7.292669801373108e-10
19,nmos7_pattern2,1.0,0.00012859630805905908,38881.3650676791,-9.774419051922223e-10
19,nmos7_pattern2,2.0,0.0005917235976085067,8449.8911657535,-1.751123829274448e-10
19,nmos7_pattern2,3.0,0.0013590760063380003,3678.9701066626785,8.475228852056205e-10
19,nmos7_pattern2,4.0,0.002182478317990899,2290.973504196274,6.805227492634458e-09
19,nmos7_pattern2,5.0,0.0029582041315734386,1690.2146632256074,1.1621166251529758e-08
19,nmos7_pattern2,6.0,0.0036520797293633223,1369.0829254901466,1.5055569235755684e-08
19,nmos7_pattern3,0.0,3.877885683323257e-05,128936.24021724946,-1.654660991334822e-05
19,nmos7_pattern3,1.0,0.0001378783053951338,36263.863163032955,3.077305154874921e-05
19,nmos7_pattern3,2.0,0.00046745172585360706,10696.291667058389,0.00014820268552284688
19,nmos7_pattern3,3.0,0.0009315966162830591,5367.129842043979,0.0003476598940324038
19,nmos7_pattern3,4.0,0.0014661389868706465,3410.3178789836907,0.0006311540491878986
19,nmos7_pattern3,5.0,0.002012616954743862,2484.3276750773125,0.000978089519776404
19,nmos7_pattern3,6.0,0.0025790869258344173,1938.6706007911462,0.0013674465008080006
19,nmos7_pattern4,0.0,1.0006326647271635e-06,4996838.676422101,-4.4276315946945033e-10
19,nmos7_pattern4,1.0,0.00015141717449296266,33021.35320344643,-2.8101398985569404e-10
19,nmos7_pattern4,2.0,0.0006474939873442054,7722.079428888996,5.421095794488906e-10
19,nmos7_pattern4,3.0,0.001358553534373641,3680.3849634863614,1.3050410530013323e-08
19,nmos7_pattern4,4.0,0.0020269136875867844,2466.8045958843622,2.8547074748530576e-07
19,nmos7_pattern4,5.0,0.002649053931236267,1887.4662916608072,1.4250279036787106e-06
19,nmos7_pattern4,6.0,0.002995900809764862,1668.9471105661983,0.000506026903167367
19,nmos7_pattern5,0.0,6.1169457694632e-06,817401.3941664847,-5.398460567462848e-10
19,nmos7_pattern5,1.0,0.00013077269250061363,38234.28197730607,-2.3505639101806253e-10
19,nmos7_pattern5,2.0,0.000539089203812182,9274.902863278252,5.958283200158121e-09
19,nmos7_pattern5,3.0,0.0012603617506101727,3967.1149950237495,2.3493226919413246e-08
19,nmos7_pattern5,4.0,0.0020169252529740334,2479.0209714650105,1.1648505449102231e-07
19,nmos7_pattern5,5.0,0.002670707181096077,1872.1633114222448,3.593602741602808e-05
19,nmos7_pattern5,6.0,0.003162070643156767,1581.242345366575,0.0002581619191914797
19,nmos7_pattern6,0.0,1.2545890967885498e-05,398536.86061825446,-5.058213332631567e-07
19,nmos7_pattern6,1.0,4.587342118611559e-05,108995.57675705555,0.0020983554422855377
19,nmos7_pattern6,2.0,0.00015439452545251697,32384.56794595167,0.004369243513792753
19,nmos7_pattern6,3.0,0.00032018558704294264,15615.943385138726,0.00677014933899045
19,nmos7_pattern6,4.0,0.0005221195751801133,9576.350394974506,0.00924819614738226
19,nmos7_pattern6,5.0,0.0007358691655099392,6794.686113169483,0.011768020689487457
19,nmos7_pattern6,6.0,0.000941427075304091,5311.085830397375,0.014320059679448605
19,nmos7_pattern7,0.0,4.065563189215027e-06,1229841.9105288566,-6.075495662116737e-10
19,nmos7_pattern7,1.0,0.00015282539243344218,32717.076137576925,-2.044341362861246e-10
19,nmos7_pattern7,2.0,0.0006295009516179562,7942.799748195612,1.944252092656029e-09
19,nmos7_pattern7,3.0,0.0013052137801423669,3830.7900790433137,2.0292021396528526e-09
19,nmos7_pattern7,4.0,0.002061957260593772,2424.880522770959,8.600539835867949e-09
19,nmos7_pattern7,5.0,0.0027539783623069525,1815.5552957255627,8.981048793543778e-09
19,nmos7_pattern7,6.0,0.0033226872328668833,1504.8060950611643,1.074404387679806e-08
50,nmos1_pattern1,0.0,9.690679689811077e-07,5159596.808526314,-1.8869514284425293e-10
50,nmos1_pattern1,1.0,4.521390292211436e-05,110585.45440354971,-2.2536754407109783e-10
50,nmos1_pattern1,2.0,0.00023268100630957633,21488.646964796186,-1.628277096488162e-10
50,nmos1_pattern1,3.0,0.0006252945750020444,7996.231216276988,-2.5531696201674947e-10
50,nmos1_pattern1,4.0,0.0012671428266912699,3945.885100463275,-6.340694636008948e-10
50,nmos1_pattern1,5.0,0.0022337317932397127,2238.406605095684,3.921359348346698e-10
50,nmos1_pattern1,6.0,0.003277142997831106,1525.7192021553906,6.121268492087495e-10
50,nmos1_pattern2,0.0,3.448567440500483e-07,14498774.016361881,4.802029260342344e-11
50,nmos1_pattern2,1.0,0.00010598522931104526,47176.38516708785,-1.684079681263384e-10
50,nmos1_pattern2,2.0,0.0003192849981132895,15659.990383343624,-1.7700099719242246e-10
50,nmos1_pattern2,3.0,0.0006624878151342273,7547.308623309465,-1.4470116771470032e-10
50,nmos1_pattern2,4.0,0.001260143704712391,3967.801435107892,4.094111161201397e-10
50,nmos1_pattern2,5.0,0.002152874134480953,2322.4766928631775,1.5420531518373082e-09
50,nmos1_pattern2,6.0,0.003439062274992466,1453.8846930333511,1.4746611931570897e-08
50,nmos1_pattern3,0.0,3.901139677964238e-07,12816767.439122273,2.39034569915475e-10
50,nmos1_pattern3,1.0,7.458024629158899e-05,67041.88104248578,-2.543766308704676e-10
50,nmos1_pattern3,2.0,0.000261828419752419,19096.47548852002,-1.56423388131266e-10
50,nmos1_pattern3,3.0,0.0005566373583860695,8982.508853694522,-1.1746577321947171e-10
50,nmos1_pattern3,4.0,0.0010164364939555526,4919.146478637399,-1.9805615480983363e-11
50,nmos1_pattern3,5.0,0.0018874156521633267,2649.1250055434675,3.11419535992119e-11
50,nmos1_pattern3,6.0,0.003691460471600294,1354.477459115914,5.5754617589443e-10
50,nmos1_pattern4,0.0,5.802595296700019e-06,861683.3924026269,-1.6414218595439678e-10
50,nmos1_pattern4,1.0,0.00011898874072358012,42020.782551311975,-1.428190343766289e-10
50,nmos1_pattern4,2.0,0.00030873806099407375,16194.958224136724,-2.3226186252056635e-10
50,nmos1_pattern4,3.0,0.0005746034439653158,8701.653379407537,-7.253789582883918e-13
50,nmos1_pattern4,4.0,0.000990179949440062,5049.58720162679,1.678096689383679e-10
50,nmos1_pattern4,5.0,0.0016287772450596094,3069.7874833197416,9.842979764584925e-10
50,nmos1_pattern4,6.0,0.002899365732446313,1724.5151048195967,3.0591058575168972e-09
50,nmos1_pattern6,0.0,4.1064822653424926e-07,12175871.40750256,5.5201784115999075e-11
50,nmos1_pattern6,1.0,3.7159243220230564e-05,134556.02339279762,-2.987032843293491e-10
50,nmos1_pattern6,2.0,0.00017965133883990347,27831.68793668583,1.7314986944239052e-10
50,nmos1_pattern6,3.0,0.00042450029286555946,11778.554889203611,-5.29640553637023e-10
50,nmos1_pattern6,4.0,0.000718750583473593,6956.51609190478,-1.80974693564373e-10
50,nmos1_pattern6,5.0,0.0013498211046680808,3704.1945652712943,-6.101026628346773e-11
50,nmos1_pattern6,6.0,0.00275088450871408,1817.5972070660591,-2.351851872972599e-11
50,nmos1_pattern7,0.0,1.5783058415763662e-07,31679538.073597603,-1.678240602043246e-10
50,nmos1_pattern7,1.0,2.6345671358285472e-05,189784.49749877208,-1.206810207321496e-10
50,nmos1_pattern7,2.0,0.00017349471454508603,28819.32174769884,-1.2746846633771014e-10
50,nmos1_pattern7,3.0,0.00045262870844453573,11046.581683213517,-5.704284614105326e-11
50,nmos1_pattern7,4.0,0.0008267866214737296,6047.509563093324,4.304749959271881e-11
50,nmos1_pattern7,5.0,0.0014022348914295435,3565.7364044783003,2.1808389816246887e-10
50,nmos1_pattern7,6.0,0.0024554403498768806,2036.2946305133037,1.2697010109974372e-09
50,nmos2_pattern1,0.0,2.0771403796970844e-06,2407155.5533137172,-2.397793907871204e-10
50,nmos2_pattern1,1.0,1.0419437785458285e-05,479872.34080692596,-3.565276684991403e-10
50,nmos2_pattern1,2.0,7.270149217220023e-05,68774.37932301356,-7.805223689594243e-10
50,nmos2_pattern1,3.0,0.00024809958995319903,20153.197354913762,-6.343519598495106e-10
50,nmos2_pattern1,4.0,0.0006558551103807986,7623.635038990442,-1.0502400338285867e-10
50,nmos2_pattern1,5.0,0.0014290199615061283,3498.901439228466,3.0999477290682975e-11
50,nmos2_pattern1,6.0,0.002624583663418889,1905.0640563260984,-1.2841323560053297e-09
50,nmos2_pattern2,0.0,9.410483414740156e-08,53132233.272609845,-5.863315943877012e-10
50,nmos2_pattern2,1.0,2.958369987027254e-05,169011.99045168443,-1.6605829211702172e-10
50,nmos2_pattern2,2.0,0.00013465843221638352,37130.983316109516,-2.5053864538548964e-10
50,nmos2_pattern2,3.0,0.0003372338251210749,14826.507982124514,-1.49147472150446e-10
50,nmos2_pattern2,4.0,0.0007688995101489127,6502.80034517339,2.2539619476402706e-11
50,nmos2_pattern2,5.0,0.0015553557313978672,3214.698669291737,1.2596297338518525e-09
50,nmos2_pattern2,6.0,0.0026878213975578547,1860.2426502530946,9.656005772740173e-09
50,nmos2_pattern3,0.0,1.5436619378306204e-06,3239051.166233153,-1.3475251470218552e-10
50,nmos2_pattern3,1.0,2.3214781322167255e-05,215380.0171800721,-8.744713980712859e-11
50,nmos2_pattern3,2.0,0.00013402443437371403,37306.63011834088,-1.0093490626639223e-10
50,nmos2_pattern3,3.0,0.00039548432687297463,12642.726045641619,-5.946370479348317e-11
50,nmos2_pattern3,4.0,0.0008618250722065568,5801.641378566939,-4.449039400777899e-11
50,nmos2_pattern3,5.0,0.0015649485867470503,3194.993140569015,-4.805747813585448e-13
50,nmos2_pattern3,6.0,0.0024996476713567972,2000.2819026435127,3.85683707193607e-11
50,nmos2_pattern4,0.0,1.6703170331311412e-05,299344.3700102312,-2.6472585235026713e-10
50,nmos2_pattern4,1.0,0.00011203413305338472,44629.25595735614,-1.9513096694012688e-10
50,nmos2_pattern4,2.0,0.0003968333185184747,12599.748475422493,5.556530929817782e-11
50,nmos2_pattern4,3.0,0.0008108134497888386,6166.646595837991,8.465336520657729e-08
50,nmos2_pattern4,4.0,0.0013677699025720358,3655.5856292770463,7.990395261003869e-07
50,nmos2_pattern4,5.0,0.0022097001783549786,2262.750416991989,4.841899681196082e-06
50,nmos2_pattern4,6.0,0.003623745171353221,1379.7879717167975,1.194648848468205e-05
50,nmos2_pattern5,0.0,3.5620499261312943e-07,14036861.087543622,-2.4243962393200036e-10
50,nmos2_pattern5,1.0,1.2278668464205111e-06,4072102.780994573,-1.470911586975987e-10
50,nmos2_pattern5,2.0,2.289756594109349e-05,218363.8214150382,-8.433924392203807e-11
50,nmos2_pattern5,3.0,0.00011580924183363095,43174.44722747509,-8.011802332674733e-11
50,nmos2_pattern5,4.0,0.0004031097050756216,12403.571377826347,-1.4650324009490845e-10
50,nmos2_pattern5,5.0,0.001050635240972042,4759.025592339761,5.545727765898789e-10
50,nmos2_pattern5,6.0,0.0019581748638302088,2553.3981118621614,2.4241628704402274e-09
50,nmos2_pattern6,0.0,2.8954525532753905e-07,17268457.72120806,1.5955851084825667e-09
50,nmos2_pattern6,1.0,7.900308446551207e-06,632886.68206147,-3.1288349688907147e-10
50,nmos2_pattern6,2.0,8.342390356119722e-05,59934.86023262089,-1.3700972301133874e-10
50,nmos2_pattern6,3.0,0.0002560390857979655,19528.26844548798,-1.0479068307533979e-10
50,nmos2_pattern6,4.0,0.0005655265995301306,8841.317108964042,-9.729335392894e-13
50,nmos2_pattern6,5.0,0.0010806312784552574,4626.92511283535,7.602442113341379e-12
50,nmos2_pattern6,6.0,0.0026594463270157576,1880.0905847235676,2.759232772819864e-11
50,nmos2_pattern7,0.0,3.2760689805400034e-07,15262193.89671043,-2.107519159189053e-10
50,nmos2_pattern7,1.0,8.092448297247756e-06,617859.9870326637,-1.5471521286336554e-10
50,nmos2_pattern7,2.0,5.803319800179452e-05,86157.58173184577,-1.0997675686796882e-10
50,nmos2_pattern7,3.0,0.00019516686734277755,25619.10260730038,-1.2159249995757904e-10
50,nmos2_pattern7,4.0,0.000507323769852519,9855.639134459478,-3.520325003725233e-11
50,nmos2_pattern7,5.0,0.0009946136269718409,5027.077715818947,-2.0863791250214092e-10
50,nmos2_pattern7,6.0,0.00229644519276917,2177.2781757402827,1.575707966883222e-11
50,nmos3_pattern1,0.0,1.703478915260348e-06,2935169.878070275,-3.8281181002908227e-10
50,nmos3_pattern1,1.0,1.548066757095512e-05,322983.48744217056,1.8929153383639985e-11
50,nmos3_pattern1,2.0,7.662326243007556e-05,65254.33453793322,-7.389162060000842e-10
50,nmos3_pattern1,3.0,0.00021341252431739122,23428.803047022226,-8.23895396351304e-11
50,nmos3_pattern1,4.0,0.0005205126362852752,9605.914729915741,2.77942308057888e-10
50,nmos3_pattern1,5.0,0.0010404969798400998,4805.395976034821,2.441985280654535e-09
50,nmos3_pattern1,6.0,0.0017395218601450324,2874.3530705518847,5.6512226009886035e-09
50,nmos3_pattern2,0.0,6.307144673201037e-08,79275175.36175957,-1.5397172425934968e-10
50,nmos3_pattern2,1.0,2.053048592642881e-05,243540.26582310555,-1.41689007748802e-10
50,nmos3_pattern2,2.0,0.00012704527762252837,39356.04765141914,-9.283238067148147e-11
50,nmos3_pattern2,3.0,0.00031934704747982323,15656.9476356781,-1.0316927867570769e-10
50,nmos3_pattern2,4.0,0.0007224201690405607,6921.179964618723,1.9439422294098563e-11
50,nmos3_pattern2,5.0,0.0014095776714384556,3547.16175015568,1.4154580840752828e-09
50,nmos3_pattern2,6.0,0.00246786093339324,2026.04609212122,2.993404280005052e-08
50,nmos3_pattern3,0.0,1.8211533188150497e-06,2745512.9386104057,-2.1346061029881014e-10
50,nmos3_pattern3,1.0,0.00012563295604195446,39798.474520732256,-1.7135338981066894e-10
50,nmos3_pattern3,2.0,0.00046374034718610346,10781.895580876537,-1.258475407217574e-10
50,nmos3_pattern3,3.0,0.0008964984444901347,5577.254518097518,-5.844093958762286e-11
50,nmos3_pattern3,4.0,0.0014256667345762253,3507.1309996485493,-8.429854037039775e-11
50,nmos3_pattern3,5.0,0.0021496168337762356,2325.9959270120207,-1.112427858163123e-12
50,nmos3_pattern3,6.0,0.0031836272682994604,1570.5356119376243,2.4381554067365308e-11
50,nmos3_pattern5,0.0,1.838833867395806e-07,27191145.91401942,-4.5946474402924764e-10
50,nmos3_pattern5,1.0,1.0797805316542508e-06,4630570.614511705,-5.9268084884323e-10
50,nmos3_pattern5,2.0,2.1335261408239603e-05,234353.81945069667,-6.1355759882475436e-12
50,nmos3_pattern5,3.0,0.0001090289224521257,45859.39113720477,4.224812721886906e-10
50,nmos3_pattern5,4.0,0.0004000460321549326,12498.561660683,1.7019785580885127e-10
50,nmos3_pattern5,5.0,0.000954407500103116,5238.852376432279,1.3934772224999392e-09
50,nmos3_pattern5,6.0,0.0018204444786533713,2746.5819796375367,1.722523901293016e-09
50,nmos3_pattern6,0.0,1.7864824997104733e-07,27987959.58432465,-2.1376429792940854e-10
50,nmos3_pattern6,1.0,6.7080973167321645e-06,745367.8388845646,-2.3289723483088665e-09
50,nmos3_pattern6,2.0,8.03325601737015e-05,62241.262934837374,-3.1259367316849307e-10
50,nmos3_pattern6,3.0,0.000282072345726192,17725.948948052875,-1.3699789913612648e-10
50,nmos3_pattern6,4.0,0.0007855336298234761,6365.099863545744,-3.034776596688715e-11
50,nmos3_pattern6,5.0,0.0015803310088813305,3163.894128445503,7.44742809088983e-11
50,nmos3_pattern6,6.0,0.0025423269253224134,1966.702216854313,1.1160298241108535e-09
50,nmos3_pattern7,0.0,4.779115556630131e-07,10462186.864394674,-1.841192753815335e-10
50,nmos3_pattern7,1.0,1.1833833013952244e-05,422517.36982471653,-1.0572002301367789e-10
50,nmos3_pattern7,2.0,9.986851364374161e-05,50065.82973524941,-6.251167639081956e-11
50,nmos3_pattern7,3.0,0.00028280154219828546,17680.24304653284,-1.3181131186534856e-10
50,nmos3_pattern7,4.0,0.0006738671218045056,7419.860441641403,-5.812704484409181e-11
50,nmos3_pattern7,5.0,0.0014325804077088833,3490.205487311158,1.484273537410985e-10
50,nmos3_pattern7,6.0,0.002423445228487253,2063.1784623088292,1.2576073515901953e-09
50,nmos4_pattern1,0.0,3.1657148724661965e-07,15794220.899321975,-3.643471635506046e-11
50,nmos4_pattern1,1.0,1.8166547306464054e-06,2752311.661457481,-1.4785916935267096e-10
50,nmos4_pattern1,2.0,3.3883872674778104e-05,147562.8257723272,-1.0364572394783167e-10
50,nmos4_pattern1,3.0,0.0001513475872343406,33036.535906305515,5.516128109839258e-10
50,nmos4_pattern1,4.0,0.000464704236947,10759.531767665494,-1.325515586181325e-09
50,nmos4_pattern1,5.0,0.0010138306533917785,4931.790120245882,7.278826430479057e-10
50,nmos4_pattern1,6.0,0.0017852344317361712,2800.7526132785897,4.5940684589851344e-10
50,nmos4_pattern2,0.0,7.05916747278934e-08,70829882.12524037,-1.5162732180939997e-10
50,nmos4_pattern2,1.0,1.098418033507187e-05,455200.1011887324,-2.2359128437621223e-10
50,nmos4_pattern2,2.0,8.219106530304998e-05,60833.862921283464,-2.3100267532161212e-10
50,nmos4_pattern2,3.0,0.0002479192044120282,20167.860782943917,-7.125416923159378e-11
50,nmos4_pattern2,4.0,0.0006383106228895485,7833.176858886752,5.953020021376432e-11
50,nmos4_pattern2,5.0,0.0012553378473967314,3982.9915192701287,3.423585859252398e-10
50,nmos4_pattern2,6.0,0.002021951135247946,2472.8589691594425,3.495564726563316e-09
50,nmos4_pattern4,0.0,2.4442992980766576e-06,2045576.0077885482,-2.9727320605132945e-09
50,nmos4_pattern4,1.0,8.775788592174649e-05,56974.93675335899,-5.15979869941674e-10
50,nmos4_pattern4,2.0,0.0003445747133810073,14510.641105783463,-8.376844357060875e-11
50,nmos4_pattern4,3.0,0.0007566230488009751,6608.310449864736,5.617190740325739e-12
50,nmos4_pattern4,4.0,0.001311888569034636,3811.2993115560807,1.9076074053714365e-09
50,nmos4_pattern4,5.0,0.0019566426053643227,2555.39769311576,1.3743860272086295e-08
50,nmos4_pattern4,6.0,0.0027187862433493137,1839.055943522954,5.18800788995577e-08
50,nmos4_pattern5,0.0,3.017784990788641e-07,16568443.461882764,-6.908319472032076e-10
50,nmos4_pattern5,1.0,6.112845767347608e-07,8179496.408543485,-1.2451155384507473e-10
50,nmos4_pattern5,2.0,8.773750778345857e-06,569881.6989810447,-1.5247540730012332e-10
50,nmos4_pattern5,3.0,6.832726649008691e-05,73177.2286064658,5.918134315940904e-10
50,nmos4_pattern5,4.0,0.00025891666882671416,19311.232539247456,7.137111734945023e-11
50,nmos4_pattern5,5.0,0.0006045527989044785,8270.576216106507,6.917317829646663e-10
50,nmos4_pattern5,6.0,0.0010735031682997942,4657.648107288738,7.176875982395359e-08
50,nmos4_pattern6,0.0,1.6735334895656706e-07,29876904.35342075,-1.4564832673258366e-10
50,nmos4_pattern6,1.0,2.0478655642364174e-05,244156.65204392152,-2.7219048195914475e-11
50,nmos4_pattern6,2.0,0.00011349123815307394,44056.26444268882,1.413872599727306e-12
50,nmos4_pattern6,3.0,0.00030887892353348434,16187.57260223995,-6.935881036174152e-11
50,nmos4_pattern6,4.0,0.000730391766410321,6845.641243429748,-9.064774625366923e-11
50,nmos4_pattern6,5.0,0.0013982603559270501,3575.871960329582,1.2777572055977515e-10
50,nmos4_pattern6,6.0,0.002216362627223134,2255.948525113179,9.37505767462099e-11
50,nmos4_pattern7,0.0,5.417409738583956e-07,9229503.104387555,-2.525963327393299e-10
50,nmos4_pattern7,1.0,9.370479347126093e-06,533590.63232272,-1.8687132397054995e-10
50,nmos4_pattern7,2.0,7.221348641905934e-05,69239.14420894583,-1.5256973462385304e-10
50,nmos4_pattern7,3.0,0.0002220629103248939,22516.141901790998,-1.0827316127004494e-10
50,nmos4_pattern7,4.0,0.0005583572201430798,8954.840771502415,-4.2019152046712804e-11
50,nmos4_pattern7,5.0,0.0010995724005624652,4547.222172402969,-7.496688686492448e-11
50,nmos4_pattern7,6.0,0.0018021876458078623,2774.405879227222,-8.699026741998406e-12
50,nmos4_pattern8,0.0,5.659436283167452e-06,883480.2177862172,-1.335670324342786e-10
50,nmos4_pattern8,1.0,3.6227069358574226e-05,138018.34066427455,-1.3725372227657573e-10
50,nmos4_pattern8,2.0,0.00012739285011775792,39248.670513126584,-9.589425087330739e-11
50,nmos4_pattern8,3.0,0.00029747773078270257,16807.980842278008,-4.915256049398131e-11
50,nmos4_pattern8,4.0,0.0006240924703888595,8011.63327108337,-5.7963630423207846e-11
50,nmos4_pattern8,5.0,0.0011014457559213042,4539.488189155308,7.278141284094986e-11
50,nmos4_pattern8,6.0,0.0016933325678110123,2952.7572403946315,8.005527907251064e-10
50,nmos5_pattern1,0.0,3.554659144811012e-07,14066046.268596116,-2.2576458480472184e-09
50,nmos5_pattern1,1.0,2.8476921215769835e-05,175580.77862824302,1.4449534624372262e-10
50,nmos5_pattern1,2.0,0.00010830815881490707,46164.5738853777,-1.5636422157072616e-09
50,nmos5_pattern1,3.0,0.0002567555638961494,19473.774683310712,6.503248495270952e-10
50,nmos5_pattern1,4.0,0.0005365026299841702,9319.6188062443,4.84194329075649e-09
50,nmos5_pattern1,5.0,0.0009961874457076192,5019.135727461777,1.1832847945925096e-07
50,nmos5_pattern1,6.0,0.0016251016641035676,3076.730588887853,-1.5957773991104318e-09
50,nmos5_pattern2,0.0,8.086261971129716e-08,61833267.557388574,-2.429346446231051e-10
50,nmos5_pattern2,1.0,1.1224959052924532e-05,445435.9233227945,-1.4885187527013954e-10
50,nmos5_pattern2,2.0,7.19254749128595e-05,69516.39882889469,-5.930810009768805e-11
50,nmos5_pattern2,3.0,0.0002055172371910885,24328.859556198855,-2.40122418476707e-11
50,nmos5_pattern2,4.0,0.0005101325805298984,9801.373585678977,6.488161119477809e-10
50,nmos5_pattern2,5.0,0.0010075517930090427,4962.524045605192,7.278544433830803e-10
50,nmos5_pattern2,6.0,0.001621817471459508,3082.9609915969113,4.944101572590398e-09
50,nmos5_pattern3,0.0,5.699456778529566e-06,877276.5886804352,-2.295103274096988e-10
50,nmos5_pattern3,1.0,3.746174479601905e-05,133469.4907358222,-1.881607369913496e-10
50,nmos5_pattern3,2.0,0.00013641991245094687,36651.54089435348,-1.682644579226178e-10
50,nmos5_pattern3,3.0,0.000294636090984568,16970.086669599084,-9.674214207500142e-11
50,nmos5_pattern3,4.0,0.000599299615714699,8343.072261171425,-9.455661947876948e-11
50,nmos5_pattern3,5.0,0.0010668603936210275,4686.648815436401,-6.584149198074485e-11
50,nmos5_pattern3,6.0,0.001651070429943502,3028.3384096286522,5.278012055187631e-11
50,nmos5_pattern4,0.0,1.6760435528340167e-06,2983216.0337036084,-2.0469755057650474e-10
50,nmos5_pattern4,1.0,7.421565533149987e-05,67371.23020293287,-2.0415949486540796e-10
50,nmos5_pattern4,2.0,0.0002856613718904555,17503.241572043502,-1.2759898693204264e-10
50,nmos5_pattern4,3.0,0.0006195834721438587,8069.937667477143,-4.691746643969985e-11
50,nmos5_pattern4,4.0,0.0010775587288662791,4640.118321217256,1.3144708932433247e-10
50,nmos5_pattern4,5.0,0.001639108988456428,3050.4377898071134,1.5488703652977165e-09
50,nmos5_pattern4,6.0,0.0022385232150554657,2233.615432876407,6.217964365617945e-09
50,nmos5_pattern5,0.0,1.7973235344470595e-07,27819142.76517963,-2.705190238483368e-10
50,nmos5_pattern5,1.0,4.332334526679915e-07,11541121.695954883,-1.9020310326745005e-10
50,nmos5_pattern5,2.0,1.6116962797241285e-05,310232.1487554617,-1.4163668848876654e-10
50,nmos5_pattern5,3.0,0.00011507498857099563,43449.92827798757,2.0281776258457285e-11
50,nmos5_pattern5,4.0,0.00037858521682210267,13207.066144765768,4.980386103525802e-10
50,nmos5_pattern5,5.0,0.0007793807308189571,6415.3497800056,2.834581458444063e-09
50,nmos5_pattern5,6.0,0.0013288867194205523,3762.547948541618,1.586638020967257e-08
50,nmos5_pattern6,0.0,1.883011577774596e-07,26553209.013771236,-2.5930774194549144e-10
50,nmos5_pattern6,1.0,1.2017093467875384e-05,416073.9877214251,-1.954812284266083e-10
50,nmos5_pattern6,2.0,7.305380859179422e-05,68442.70129622819,-1.6633447397218504e-10
50,nmos5_pattern6,3.0,0.00020347218378446996,24573.383481725945,-2.7524141299473115e-10
50,nmos5_pattern6,4.0,0.00047574148629792035,10509.90957065469,-1.8484391794970634e-10
50,nmos5_pattern6,5.0,0.0009483967442065477,5272.055213752473,-8.990295313759944e-11
50,nmos5_pattern6,6.0,0.0015157351735979319,3298.7292814030284,7.91527177135265e-10
50,nmos5_pattern7,0.0,6.183947220961272e-07,8085450.637501993,-2.4141796894916467e-10
50,nmos5_pattern7,1.0,9.72586713032797e-06,514092.9783431447,-1.9863939659803265e-10
50,nmos5_pattern7,2.0,7.0751499151811e-05,70669.880637745,-1.335315330530662e-10
50,nmos5_pattern7,3.0,0.0002058909012703225,24284.705973652024,-1.2044611141792672e-10
50,nmos5_pattern7,4.0,0.0004999665543437004,10000.668957873462,-1.0441752323897546e-10
50,nmos5_pattern7,5.0,0.0009679128997959197,5165.754068423129,-5.300366048843763e-11
50,nmos5_pattern7,6.0,0.0015509016811847687,3223.9309948909126,2.1853462095489107e-10
50,nmos6_pattern1,0.0,1.2406093219397007e-06,4030277.6317869895,2.689851674730903e-10
50,nmos6_pattern1,1.0,2.4508091883035377e-05,204014.25063454348,-5.0041335658557173e-11
50,nmos6_pattern1,2.0,0.00010063476656796411,49684.61865138058,2.099224349905171e-09
50,nmos6_pattern1,3.0,0.00022457055456470698,22264.717695032086,6.135958408037823e-09
50,nmos6_pattern1,4.0,0.00047101793461479247,10615.307045769066,7.903070553538782e-08
50,nmos6_pattern1,5.0,0.0008930282783694565,5598.926843760529,1.526248496475091e-07
50,nmos6_pattern1,6.0,0.0015268409624695778,3274.7353017781147,1.332693599920276e-08
50,nmos6_pattern2,0.0,1.1301975888500237e-07,44240051.91063539,-2.0334629813323346e-10
50,nmos6_pattern2,1.0,3.095470219705021e-06,1615263.4802206138,-1.5258765084791293e-10
50,nmos6_pattern2,2.0,4.88657460664399e-05,102321.16364706255,-1.1039910652321794e-10
50,nmos6_pattern2,3.0,0.00017328446847386658,28854.28823503626,-5.065541736071211e-11
50,nmos6_pattern2,4.0,0.00047112995525822043,10612.783042546218,-4.87233864365777e-12
50,nmos6_pattern2,5.0,0.0009391679195687175,5323.861575570095,1.3619533278941276e-10
50,nmos6_pattern2,6.0,0.001505863736383617,3320.353548062503,1.0070044798027311e-09
50,nmos6_pattern4,0.0,3.369668547748006e-06,1483825.4650717995,3.7939421049237865e-10
50,nmos6_pattern4,1.0,2.7309533834340982e-05,183086.2449110222,-1.1529963095391338e-10
50,nmos6_pattern4,2.0,0.00010916849714703858,45800.75874146661,-1.3557865941038472e-10
50,nmos6_pattern4,3.0,0.0002596259582787752,19258.474896532553,-1.3301947043853346e-10
50,nmos6_pattern4,4.0,0.0005568863707594573,8978.492314655176,2.692114031699333e-10
50,nmos6_pattern4,5.0,0.0009806491434574127,5098.663506064785,1.7536805341222816e-09
50,nmos6_pattern4,6.0,0.001494577736593783,3345.4265225409076,6.3806089301010616e-09
50,nmos6_pattern5,0.0,1.2972192280358286e-06,3854398.61816626,5.071488229368981e-10
50,nmos6_pattern5,1.0,1.5537447097813128e-06,3218031.8739130204,-8.015094837832137e-11
50,nmos6_pattern5,2.0,7.904075573605951e-06,632585.0446947244,2.1909135616837716e-10
50,nmos6_pattern5,3.0,5.575056275120005e-05,89685.19335515359,-2.6294533217452454e-10
50,nmos6_pattern5,4.0,0.0002124664024449885,23533.132497476126,4.43764164304028e-10
50,nmos6_pattern5,5.0,0.0005504461005330086,9083.541504169789,3.9928821360391e-10
50,nmos6_pattern5,6.0,0.0010014510480687022,4992.75527210491,1.98463423473072e-09
50,nmos6_pattern6,0.0,7.075540224832366e-07,7066598.2258880595,-1.73688452509424e-10
50,nmos6_pattern6,1.0,9.251843039237428e-06,540432.8606521754,-1.0460209087792549e-10
50,nmos6_pattern6,2.0,8.79088111105375e-05,56877.12001602371,-8.150154162667178e-11
50,nmos6_pattern6,3.0,0.00028078892501071095,17806.97012821738,-9.38477212608646e-11
50,nmos6_pattern6,4.0,0.0006557708838954568,7624.61421022331,-4.7661471991311544e-11
50,nmos6_pattern6,5.0,0.0011479515815153718,4355.584399648346,1.4862351627176196e-10
50,nmos6_pattern6,6.0,0.001725434442050755,2897.8209070970433,2.284448630263114e-09
50,nmos6_pattern7,0.0,2.3234413220052375e-06,2151980.3201592234,-2.3432156215363875e-10
50,nmos6_pattern7,1.0,3.84659006158472e-06,1299852.5759046176,-1.72901359896116e-10
50,nmos6_pattern7,2.0,3.2898224162636325e-05,151983.88749744967,-1.3209330851360335e-10
50,nmos6_pattern7,3.0,0.00014529885083902627,34411.83444416502,-1.2180551012264118e-10
50,nmos6_pattern7,4.0,0.00041680128197185695,11996.124331348883,-1.2067673249571698e-10
50,nmos6_pattern7,5.0,0.0008724789367988706,5730.797374140658,-5.6950187621307435e-11
50,nmos6_pattern7,6.0,0.0014582196017727256,3428.8388346457623,-3.373280474394669e-11
50,nmos7_pattern1,0.0,2.0329052858869545e-06,2459534.1626152075,-6.880832570388407e-10
50,nmos7_pattern1,1.0,2.366810258536134e-05,211254.78825212154,-1.5570135458720102e-10
50,nmos7_pattern1,2.0,0.00011297011951683089,44259.49110600944,-5.6262765280035154e-11
50,nmos7_pattern1,3.0,0.0002626608475111425,19035.954720232494,-8.018746083804373e-11
50,nmos7_pattern1,4.0,0.0005441549583338201,9188.559110643395,9.228677544381725e-11
50,nmos7_pattern1,5.0,0.0009901655139401555,5049.660818930717,-1.0759705348917237e-09
50,nmos7_pattern1,6.0,0.0015737422509118915,3177.14034626877,3.579482266147238e-09
50,nmos7_pattern2,0.0,7.234918939502677e-07,6910927.46416271,-1.4932195757655364e-10
50,nmos7_pattern2,1.0,2.6684015210776124e-06,1873780.9735548308,-1.1607264455149036e-10
50,nmos7_pattern2,2.0,3.0118168069748208e-05,166012.75311369894,-1.3029435863565197e-10
50,nmos7_pattern2,3.0,0.00011982012074440718,41729.21850634493,-3.6885647314299774e-11
50,nmos7_pattern2,4.0,0.00033087123301811516,15111.61896545491,-1.2231848867116923e-10
50,nmos7_pattern2,5.0,0.0007307323976419866,6842.4501447241,-8.111669669297328e-11
50,nmos7_pattern2,6.0,0.0012661035871133208,3949.1239507502337,-1.6017742687779446e-13
50,nmos7_pattern3,0.0,3.164250301779248e-06,1580153.124166099,-2.1036261621532049e-10
50,nmos7_pattern3,1.0,7.86323107604403e-06,635870.9227346637,-1.6980389316856304e-10
50,nmos7_pattern3,2.0,6.459839642047882e-05,77401.30215391713,-1.4177463369957621e-10
50,nmos7_pattern3,3.0,0.0002036365185631439,24553.552748200185,-8.52233561499105e-11
50,nmos7_pattern3,4.0,0.0005104010342620313,9796.21839369762,8.28262319840789e-11
50,nmos7_pattern3,5.0,0.0009315399802289903,5367.456154453945,7.725987904994014e-11
50,nmos7_pattern3,6.0,0.0014702924527227879,3400.6839868766647,2.6543784531485315e-11
50,nmos7_pattern4,0.0,4.966768301528646e-06,1006690.8090842745,-1.5972187461521514e-10
50,nmos7_pattern4,1.0,1.3551408301282208e-05,368965.3421133293,-2.2424613554949957e-10
50,nmos7_pattern4,2.0,7.946846744744107e-05,62918.037312181776,-1.3321109493258376e-10
50,nmos7_pattern4,3.0,0.00023397327458951622,21369.962055589567,-1.5588159929524892e-10
50,nmos7_pattern4,4.0,0.0005526371533051133,9047.527785811893,-1.1144323658340838e-10
50,nmos7_pattern4,5.0,0.0010033301077783108,4983.404725162267,2.9785959809736084e-10
50,nmos7_pattern4,6.0,0.0015276711201295257,3272.955765227838,1.988114561868315e-09
50,nmos7_pattern5,0.0,1.3034134553890908e-06,3836081.3135133823,-9.916638621376705e-10
50,nmos7_pattern5,1.0,3.277229325249209e-06,1525679.0122918198,-2.97979890762079e-10
50,nmos7_pattern5,2.0,2.5246667064493522e-05,198045.94353889642,-7.985641037322466e-10
50,nmos7_pattern5,3.0,0.00011341713252477348,44085.050368451695,-2.469620896672353e-10
50,nmos7_pattern5,4.0,0.00034459365997463465,14509.843275607704,-7.69663610622473e-10
50,nmos7_pattern5,5.0,0.0007627713494002819,6555.044318236623,1.0121536941909426e-09
50,nmos7_pattern5,6.0,0.0012829909101128578,3897.1437448143547,5.153669047075482e-09
50,nmos7_pattern6,0.0,1.5637800743206753e-06,3197380.5537662064,8.896354486420677e-11
50,nmos7_pattern6,1.0,2.210777211075765e-06,2261648.064287309,1.1455605908317068e-10
50,nmos7_pattern6,2.0,6.536373984999955e-05,76495.01101794797,-1.95865698660036e-10
50,nmos7_pattern6,3.0,0.000232237609452568,21529.67390504076,8.303609883020258e-11
50,nmos7_pattern6,4.0,0.0005743136862292886,8706.043613252503,1.4678333548623357e-10
50,nmos7_pattern6,5.0,0.0009961118921637535,5019.516421131168,3.753162780562036e-10
50,nmos7_pattern6,6.0,0.0014870211016386747,3362.4270660921193,1.5885955051420098e-10
50,nmos7_pattern7,0.0,3.169702949890052e-06,1577434.8823991332,-1.4353179755843826e-10
50,nmos7_pattern7,1.0,3.196174293407239e-05,156437.02567514917,-1.3187149983107105e-10
50,nmos7_pattern7,2.0,0.00012590052210725844,39713.89408330133,-1.1482015338515339e-10
50,nmos7_pattern7,3.0,0.00028112929430790246,17785.410845601273,-7.904232823818802e-11
50,nmos7_pattern7,4.0,0.0005696969456039369,8776.596115851542,-2.4636711073999784e-11
50,nmos7_pattern7,5.0,0.0009787090821191669,5108.770411298997,-3.664926695456927e-11
50,nmos7_pattern7,6.0,0.0015054350951686502,3321.298949417585,-6.108378993591179e-12
